variant,stage,study_name,trial,state,value,last_val_step,last_val_nmse_prop,last_val_nmse_ls,last_val_nmse_ratio,best_val_nmse_prop,best_nmse_step,batch_size_train,batch_size_eval,val_microbatch_size,memory_cleanup_every_steps,steps,param_learning_rate_schedule,param_learning_rate,param_learning_rate_decay_fraction,param_learning_rate_final_fraction,param_weight_decay,param_nmse_loss_weight,param_grad_clip_norm,param_dropout,param_residual_scale,param_learning_rate_polynomial_power
main_d256_b4_r2,A,umiNorm_v1_b32_prb8_u34610_1dmrs_stageA_main_d256_b4_r2,0,COMPLETE,-1.219111235329411,4000,0.06581489344049866,0.11423495997829984,0.5761361797912032,0.06581489344049866,4000,32,32,16,100,4000,cosine_decay,0.0005712916127949584,1.25,0.02159904793462117,9.654662480652895e-06,0.4788048920718949,0.5,0.02639429712150497,0.18647863554958427,
main_d256_b4_r2,A,umiNorm_v1_b32_prb8_u34610_1dmrs_stageA_main_d256_b4_r2,1,COMPLETE,-1.170263318665806,4000,0.07328102157528822,0.11423495997829984,0.6414938263138424,0.07328102157528822,4000,32,32,16,100,4000,cosine_decay,0.0004983159357242532,0.75,0.012154545064008537,7.693520676908999e-07,0.12243400701824686,1.0,0.007912361628708613,0.3228873595847961,
main_d256_b4_r2,A,umiNorm_v1_b32_prb8_u34610_1dmrs_stageA_main_d256_b4_r2,2,COMPLETE,-1.228737026405716,4000,0.06355058215558529,0.11423495997829984,0.5563146533045349,0.06355058215558529,4000,32,32,16,100,4000,constant,0.0009643418646698049,,,1.2083509754787337e-07,0.16251789877216094,0.5,0.10909540498640775,0.22990166745555007,
main_d256_b4_r2,A,umiNorm_v1_b32_prb8_u34610_1dmrs_stageA_main_d256_b4_r2,3,COMPLETE,-1.1556840892870803,4000,0.07513000920880586,0.11423495997829984,0.6576796562372641,0.07513000920880586,4000,32,32,16,100,4000,cosine_decay,0.0002210893178410695,1.0,0.036430683993363126,1.613671536589336e-06,0.3169058880316735,0.5,0.03312588579968341,0.4217057595278402,
main_d256_b4_r2,A,umiNorm_v1_b32_prb8_u34610_1dmrs_stageA_main_d256_b4_r2,4,COMPLETE,-1.1288984495179917,4000,0.07840095041319728,0.11423495997829984,0.686313107897008,0.07840095041319728,4000,32,32,16,100,4000,cosine_decay,0.0002150875602723823,1.25,0.016301500139320635,2.795475110283828e-05,0.09844608545417897,1.0,0.049786317412733185,0.1508561283376549,
main_d256_b4_r2,A,umiNorm_v1_b32_prb8_u34610_1dmrs_stageA_main_d256_b4_r2,5,COMPLETE,-1.1861996388515204,4000,0.0711654974729754,0.11423495997829984,0.6229747661004482,0.0711654974729754,4000,32,32,16,100,4000,cosine_decay,0.0004568972058255479,0.75,0.02308016679308127,9.040091747332144e-06,0.05813033561196787,0.5,0.05667887955460827,0.6548860289390384,
main_d256_b4_r2,A,umiNorm_v1_b32_prb8_u34610_1dmrs_stageA_main_d256_b4_r2,6,PRUNED,-1.0722177592698985,1000,0.0880471965065226,0.106999559502583,0.8228743829959142,0.0880471965065226,1000,32,32,16,100,4000,polynomial_decay,0.0005282942092946875,0.75,0.024074361764179382,3.5182369647795597e-07,0.0963980983750926,2.0,0.06268681536019342,0.42637817769796615,1.0905445756134515
main_d256_b4_r2,A,umiNorm_v1_b32_prb8_u34610_1dmrs_stageA_main_d256_b4_r2,7,PRUNED,-1.1982230978781396,4000,0.06924437840158741,0.11423495997829984,0.6061575056772561,0.06924437840158741,4000,32,32,16,100,4000,cosine_decay,0.0006365026066087508,0.75,0.021147713205237145,3.7197425572222765e-06,0.2822556432388877,0.5,0.008310248401180255,0.36424237701172735,
main_d256_b4_r2,A,umiNorm_v1_b32_prb8_u34610_1dmrs_stageA_main_d256_b4_r2,8,PRUNED,-1.1162227034969998,1000,0.0809179264664029,0.106999559502583,0.7562454167341645,0.0809179264664029,1000,32,32,16,100,4000,constant,0.0005809397231941362,,,1.912227231393291e-07,0.3089601517759952,0.5,0.11304439362235329,0.15372369184136675,
main_d256_b4_r2,A,umiNorm_v1_b32_prb8_u34610_1dmrs_stageA_main_d256_b4_r2,9,PRUNED,-1.1557707162043007,2000,0.07175911666126922,0.11365742143243551,0.6313632295795744,0.07175911666126922,2000,32,32,16,100,4000,constant,0.0011846756846122385,,,7.935803724335564e-07,0.06211526700128886,0.5,0.09701928945187067,0.3136992083000011,
main_d256_b4_r2,A,umiNorm_v1_b32_prb8_u34610_1dmrs_stageA_main_d256_b4_r2,10,COMPLETE,-1.2349350165381505,4000,0.06328930488477151,0.11423495997829984,0.5540274614425741,0.06328930488477151,4000,32,32,16,100,4000,constant,0.0007749349842627399,,,1.1957496756294423e-07,0.17257378079061886,0.5,0.09118634538381744,0.5088494568176662,
main_d256_b4_r2,A,umiNorm_v1_b32_prb8_u34610_1dmrs_stageA_main_d256_b4_r2,11,PRUNED,-1.1147244027465706,1000,0.08115089787558342,0.106999559502583,0.7584227285872558,0.08115089787558342,1000,32,32,16,100,4000,constant,0.00035578869061005363,,,1.2484282333728894e-07,0.19454421517469433,0.5,0.07154703012622168,0.5353040719416041,
main_d256_b4_r2,A,umiNorm_v1_b32_prb8_u34610_1dmrs_stageA_main_d256_b4_r2,12,PRUNED,-1.2108282751751338,4000,0.0656657898798585,0.11423495997829984,0.5748309439801302,0.0656657898798585,4000,32,32,16,100,4000,polynomial_decay,0.0011777884555567242,1.25,0.13171744960705922,1.0939086109681177e-07,0.15261361241931337,0.5,0.08670070117613289,0.5199958702930527,1.9151519915268624
main_d256_b4_r2,A,umiNorm_v1_b32_prb8_u34610_1dmrs_stageA_main_d256_b4_r2,13,PRUNED,-1.1219081484068436,1000,0.08003996215605487,0.106999559502583,0.7480401090260814,0.08003996215605487,1000,32,32,16,100,4000,constant,0.000776682134722497,,,6.938803526159689e-07,0.10973966750776695,0.5,0.11703973018477615,0.565184074358833,
main_d256_b4_r2,A,umiNorm_v1_b32_prb8_u34610_1dmrs_stageA_main_d256_b4_r2,14,PRUNED,-1.090261872077819,1000,0.08505087217781693,0.106999559502583,0.7948712366032102,0.08505087217781693,1000,32,32,16,100,4000,constant,0.0011194898525683401,,,2.096484937037118e-07,0.3593474766510838,1.0,0.09978528066204784,0.5567522169268182,
main_d256_b4_r2,A,umiNorm_v1_b32_prb8_u34610_1dmrs_stageA_main_d256_b4_r2,15,PRUNED,-1.1229384138568814,1000,0.07988188786354537,0.106999559502583,0.7465627731076501,0.07988188786354537,1000,32,32,16,100,4000,polynomial_decay,0.0006944692075713249,0.75,0.0856405027907835,3.195301340120699e-06,0.19150918341033976,0.5,0.08089011763134722,0.18138960004732022,0.7265938236076298
main_d256_b4_r2,A,umiNorm_v1_b32_prb8_u34610_1dmrs_stageA_main_d256_b4_r2,16,PRUNED,-1.0676353415869204,1000,0.0888247949575695,0.106999559502583,0.8301416881573727,0.0888247949575695,1000,32,32,16,100,4000,constant,0.0003481938109381064,,,6.44706243024295e-07,0.2025030005899064,1.0,0.07321436693040054,0.3729615679361101,
main_d256_b4_r2,A,umiNorm_v1_b32_prb8_u34610_1dmrs_stageA_main_d256_b4_r2,17,PRUNED,-1.068041389967122,1000,0.08875561548241724,0.106999559502583,0.829495148344743,0.08875561548241724,1000,32,32,16,100,4000,polynomial_decay,0.0003179198053182526,1.0,0.10171955919961523,3.284512557662526e-07,0.07253238569261669,0.5,0.0989622742708559,0.19443196563065274,1.4896580095903502
main_d256_b4_r2,A,umiNorm_v1_b32_prb8_u34610_1dmrs_stageA_main_d256_b4_r2,18,PRUNED,-1.0990153228569053,1000,0.08363426205081244,0.106999559502583,0.7816318351179146,0.08363426205081244,1000,32,32,16,100,4000,cosine_decay,0.0010509456119930825,1.25,0.06112568045279562,1.2841475377461696e-07,0.10469808490938781,2.0,0.08414213250704426,0.20380021805688348,
main_d256_b4_r2,A,umiNorm_v1_b32_prb8_u34610_1dmrs_stageA_main_d256_b4_r2,19,PRUNED,-1.1029287384387008,1000,0.08300859242444858,0.106999559502583,0.7757844313596892,0.08300859242444858,1000,32,32,16,100,4000,cosine_decay,0.0009752006792342708,1.0,0.013657500320054044,2.120164796681288e-07,0.19620787688723101,1.0,0.10875601982155696,0.3711015379171857,
main_d256_b4_r2,B,umiNorm_v1_b32_prb8_u34610_1dmrs_stageB_main_d256_b4_r2,0,COMPLETE,-1.2691486354702688,12000,0.05987672622237975,0.10803883707073207,0.5542148346448693,0.05959259014343843,11000,16,16,8,25,12000,constant,0.0007749349842627399,,,1.1957496756294423e-07,0.17257378079061886,0.5,0.09118634538381744,0.5088494568176662,
main_d256_b4_r2,B,umiNorm_v1_b32_prb8_u34610_1dmrs_stageB_main_d256_b4_r2,1,COMPLETE,-1.295573761626451,12000,0.05660186571185477,0.10803883707073207,0.52390295236886,0.0565943256757843,11000,16,16,8,25,12000,constant,0.0009643418646698049,,,1.2083509754787337e-07,0.16251789877216094,0.5,0.10909540498640775,0.22990166745555007,
main_d256_b4_r2,B,umiNorm_v1_b32_prb8_u34610_1dmrs_stageB_main_d256_b4_r2,2,COMPLETE,-1.2925240598516208,12000,0.05726357607636601,0.10803883707073207,0.5300276977146288,0.05691442119617326,11000,16,16,8,25,12000,cosine_decay,0.0005712916127949584,1.25,0.02159904793462117,9.654662480652895e-06,0.4788048920718949,0.5,0.02639429712150497,0.18647863554958427,
main_d256_b4_r2,B,umiNorm_v1_b32_prb8_u34610_1dmrs_stageB_main_d256_b4_r2,3,COMPLETE,-1.2543637946606225,12000,0.06213769640695924,0.10803883707073207,0.5751422182217515,0.06128774546474839,11000,16,16,8,25,12000,cosine_decay,0.0004568972058255479,0.75,0.02308016679308127,9.040091747332144e-06,0.05813033561196787,0.5,0.05667887955460827,0.6548860289390384,
main_d256_b4_r2,B,umiNorm_v1_b32_prb8_u34610_1dmrs_stageB_main_d256_b4_r2,4,COMPLETE,-1.2471250521374986,12000,0.06307480463874526,0.10803883707073207,0.583816027170403,0.062113740209800504,11000,16,16,8,25,12000,cosine_decay,0.0004983159357242532,0.75,0.012154545064008537,7.693520676908999e-07,0.12243400701824686,1.0,0.007912361628708613,0.3228873595847961,
main_d256_b4_r2,B,umiNorm_v1_b32_prb8_u34610_1dmrs_stageB_main_d256_b4_r2,5,COMPLETE,-1.229601601055455,12000,0.06511091963814881,0.10803883707073207,0.6026621667125246,0.06431872788622665,11000,16,16,8,25,12000,cosine_decay,0.0002210893178410695,1.0,0.036430683993363126,1.613671536589336e-06,0.3169058880316735,0.5,0.03312588579968341,0.4217057595278402,
shallow_d256_b2_r2,A,umiNorm_v1_b32_prb8_u34610_1dmrs_stageA_shallow_d256_b2_r2,0,COMPLETE,-1.1927763999585972,4000,0.06961442733881995,0.11423495997829984,0.6093968724814537,0.06961442733881995,4000,32,32,16,100,4000,polynomial_decay,0.0009853008740127948,1.0,0.13612300501692498,5.389013158367834e-07,0.28138694530297775,0.5,0.0019515787070138262,0.6398616818004758,1.4955832928541228
shallow_d256_b2_r2,A,umiNorm_v1_b32_prb8_u34610_1dmrs_stageA_shallow_d256_b2_r2,1,COMPLETE,-1.1394760615760502,4000,0.07770262400542076,0.11423495997829984,0.680200037013023,0.07770262400542076,4000,32,32,16,100,4000,cosine_decay,0.0004983159357242532,0.75,0.012154545064008537,7.693520676908999e-07,0.12243400701824686,1.0,0.007912361628708613,0.3228873595847961,
shallow_d256_b2_r2,A,umiNorm_v1_b32_prb8_u34610_1dmrs_stageA_shallow_d256_b2_r2,2,COMPLETE,-1.1842714671333474,4000,0.07001503316375117,0.11423495997829984,0.6129037308460674,0.07001503316375117,4000,32,32,16,100,4000,constant,0.0009643418646698049,,,1.2083509754787337e-07,0.16251789877216094,0.5,0.10909540498640775,0.22990166745555007,
shallow_d256_b2_r2,A,umiNorm_v1_b32_prb8_u34610_1dmrs_stageA_shallow_d256_b2_r2,3,COMPLETE,-1.1236095497408876,4000,0.07973592214208718,0.11423495997829984,0.6979993003650885,0.07973592214208718,4000,32,32,16,100,4000,cosine_decay,0.0002210893178410695,1.0,0.036430683993363126,1.613671536589336e-06,0.3169058880316735,0.5,0.03312588579968341,0.4217057595278402,
shallow_d256_b2_r2,A,umiNorm_v1_b32_prb8_u34610_1dmrs_stageA_shallow_d256_b2_r2,4,COMPLETE,-1.1055305911829738,4000,0.0817047754341426,0.11423495997829984,0.7152344207908271,0.0817047754341426,4000,32,32,16,100,4000,cosine_decay,0.0002150875602723823,1.25,0.016301500139320635,2.795475110283828e-05,0.09844608545417897,1.0,0.049786317412733185,0.1508561283376549,
shallow_d256_b2_r2,A,umiNorm_v1_b32_prb8_u34610_1dmrs_stageA_shallow_d256_b2_r2,5,COMPLETE,-1.1616430301222147,4000,0.07455949657984699,0.11423495997829984,0.6526854528071824,0.07455949657984699,4000,32,32,16,100,4000,cosine_decay,0.0004568972058255479,0.75,0.02308016679308127,9.040091747332144e-06,0.05813033561196787,0.5,0.05667887955460827,0.6548860289390384,
shallow_d256_b2_r2,A,umiNorm_v1_b32_prb8_u34610_1dmrs_stageA_shallow_d256_b2_r2,6,PRUNED,-1.0434877098499715,1000,0.09303733035145949,0.106999559502583,0.869511339896811,0.09303733035145949,1000,32,32,16,100,4000,polynomial_decay,0.0005282942092946875,0.75,0.024074361764179382,3.5182369647795597e-07,0.0963980983750926,2.0,0.06268681536019342,0.42637817769796615,1.0905445756134515
shallow_d256_b2_r2,A,umiNorm_v1_b32_prb8_u34610_1dmrs_stageA_shallow_d256_b2_r2,7,COMPLETE,-1.173726138950363,4000,0.07282382385650028,0.11423495997829984,0.6374915688711578,0.07282382385650028,4000,32,32,16,100,4000,cosine_decay,0.0006365026066087508,0.75,0.021147713205237145,3.7197425572222765e-06,0.2822556432388877,0.5,0.008310248401180255,0.36424237701172735,
shallow_d256_b2_r2,A,umiNorm_v1_b32_prb8_u34610_1dmrs_stageA_shallow_d256_b2_r2,8,PRUNED,-1.0934020319901083,1000,0.08453994708058114,0.106999559502583,0.7900962160366681,0.08453994708058114,1000,32,32,16,100,4000,polynomial_decay,0.00047033526840984,1.0,0.14729818799371538,4.955462842401963e-07,0.10689869727463047,0.5,0.029066727356288194,0.7264252456757452,1.9014867108139766
shallow_d256_b2_r2,A,umiNorm_v1_b32_prb8_u34610_1dmrs_stageA_shallow_d256_b2_r2,9,COMPLETE,-1.197258733338216,4000,0.0686227292753756,0.11423495997829984,0.6007156590978036,0.0686227292753756,4000,32,32,16,100,4000,polynomial_decay,0.0008879971670485024,1.25,0.08107556792162035,3.680522597176811e-07,0.4158340307310977,0.5,0.019254335641862495,0.5769513207434013,1.4100449868075324
shallow_d256_b2_r2,A,umiNorm_v1_b32_prb8_u34610_1dmrs_stageA_shallow_d256_b2_r2,10,PRUNED,-1.0623709496935536,1000,0.08972659906915699,0.106999559502583,0.8385697986634325,0.08972659906915699,1000,32,32,16,100,4000,polynomial_decay,0.000994257826032453,1.25,0.057969700028485775,4.805750538722795e-07,0.4220125262647354,2.0,0.02264107987125362,0.2986374391721315,0.7540934304056062
shallow_d256_b2_r2,A,umiNorm_v1_b32_prb8_u34610_1dmrs_stageA_shallow_d256_b2_r2,11,PRUNED,-1.095516365976419,1000,0.08419766092750554,0.106999559502583,0.7868972668571872,0.08419766092750554,1000,32,32,16,100,4000,polynomial_decay,0.0007352485628292937,1.25,0.12483731988648952,1.7153987068647464e-07,0.35977031346013616,0.5,0.048964615805641064,0.5275730859127643,1.48911960578789
shallow_d256_b2_r2,A,umiNorm_v1_b32_prb8_u34610_1dmrs_stageA_shallow_d256_b2_r2,12,PRUNED,-1.1485812869187646,3000,0.07324957395515715,0.11448401730740443,0.6398235812993227,0.07324957395515715,3000,32,32,16,100,4000,polynomial_decay,0.0006537727499905641,0.75,0.12715889599091257,2.2499915939443214e-06,0.36284324419302166,0.5,0.00046229460257700417,0.5896371455920416,1.4132731949540764
shallow_d256_b2_r2,A,umiNorm_v1_b32_prb8_u34610_1dmrs_stageA_shallow_d256_b2_r2,13,PRUNED,-1.0953629297912446,1000,0.08422245376277715,0.106999559502583,0.7871289765519455,0.08422245376277715,1000,32,32,16,100,4000,cosine_decay,0.0010446337694145558,1.0,0.07373152482812051,6.188464175838216e-07,0.2854504975949094,0.5,0.026582646562628855,0.6090350691424271,
shallow_d256_b2_r2,A,umiNorm_v1_b32_prb8_u34610_1dmrs_stageA_shallow_d256_b2_r2,14,PRUNED,-1.0226501784122024,1000,0.09683265721347804,0.106999559502583,0.9049818304265119,0.09683265721347804,1000,32,32,16,100,4000,constant,0.00015396249414959844,,,1.7288149931295163e-07,0.2209584312521973,1.0,0.00638236685157448,0.5712020541288694,
shallow_d256_b2_r2,A,umiNorm_v1_b32_prb8_u34610_1dmrs_stageA_shallow_d256_b2_r2,15,PRUNED,-1.0627521901309254,1000,0.08966098518188421,0.106999559502583,0.8379565822391987,0.08966098518188421,1000,32,32,16,100,4000,constant,0.0009988826823417018,,,4.978892399336998e-07,0.4295449684159567,1.0,0.007283411427973528,0.6854683189295377,
shallow_d256_b2_r2,A,umiNorm_v1_b32_prb8_u34610_1dmrs_stageA_shallow_d256_b2_r2,16,PRUNED,-1.0476101181203499,1000,0.09230429293044533,0.106999559502583,0.8626604946744391,0.09230429293044533,1000,32,32,16,100,4000,polynomial_decay,0.0005631343457130507,1.25,0.06713876082591978,3.118388442512028e-06,0.49553494062794856,1.0,0.053442722642615084,0.6265372460841391,1.6250893008228358
shallow_d256_b2_r2,A,umiNorm_v1_b32_prb8_u34610_1dmrs_stageA_shallow_d256_b2_r2,17,COMPLETE,-1.1896158423642766,4000,0.06948988661558057,0.11423495997829984,0.6083066569882015,0.06948988661558057,4000,32,32,16,100,4000,constant,0.0004865053541117016,,,1.4794310317901805e-07,0.49963113076934834,0.5,0.017200942176381562,0.49115796934029887,
shallow_d256_b2_r2,A,umiNorm_v1_b32_prb8_u34610_1dmrs_stageA_shallow_d256_b2_r2,18,PRUNED,-1.0546939841816136,1000,0.09105811970463644,0.106999559502583,0.8510139679821604,0.09105811970463644,1000,32,32,16,100,4000,polynomial_decay,0.0010539616097385326,0.75,0.06488828229952022,1.648675804244975e-07,0.1629916589891021,2.0,0.01271467951292079,0.4823297728908407,1.1704549961301567
shallow_d256_b2_r2,A,umiNorm_v1_b32_prb8_u34610_1dmrs_stageA_shallow_d256_b2_r2,19,PRUNED,-1.046788041303419,1000,0.09245001029921696,0.106999559502583,0.8640223448488606,0.09245001029921696,1000,32,32,16,100,4000,polynomial_decay,0.0008253033337817905,1.0,0.07759152526479515,9.134188544810445e-06,0.12653052628461553,2.0,0.013115637517984533,0.6677257042846276,1.4046644152258476
shallow_d256_b2_r2,B,umiNorm_v1_b32_prb8_u34610_1dmrs_stageB_shallow_d256_b2_r2,0,COMPLETE,-1.2328720662833756,12000,0.06435731386106151,0.10803883707073207,0.5956868437868074,0.06395831437354597,11000,16,16,8,25,12000,polynomial_decay,0.0008879971670485024,1.25,0.08107556792162035,3.680522597176811e-07,0.4158340307310977,0.5,0.019254335641862495,0.5769513207434013,1.4100449868075324
shallow_d256_b2_r2,B,umiNorm_v1_b32_prb8_u34610_1dmrs_stageB_shallow_d256_b2_r2,1,COMPLETE,-1.2313626888079192,12000,0.06473670504055917,0.10803883707073207,0.5991984622916352,0.06404092582912806,11000,16,16,8,25,12000,polynomial_decay,0.0009853008740127948,1.0,0.13612300501692498,5.389013158367834e-07,0.28138694530297775,0.5,0.0019515787070138262,0.6398616818004758,1.4955832928541228
shallow_d256_b2_r2,B,umiNorm_v1_b32_prb8_u34610_1dmrs_stageB_shallow_d256_b2_r2,2,COMPLETE,-1.23942173387408,12000,0.06348837658879347,0.10803883707073207,0.5876440205222516,0.06307948171161115,11000,16,16,8,25,12000,constant,0.0004865053541117016,,,1.4794310317901805e-07,0.49963113076934834,0.5,0.017200942176381562,0.49115796934029887,
shallow_d256_b2_r2,B,umiNorm_v1_b32_prb8_u34610_1dmrs_stageB_shallow_d256_b2_r2,3,COMPLETE,-1.2338020945866546,12000,0.06429992459015921,0.10803883707073207,0.5951556526664815,0.06380093347009581,11000,16,16,8,25,12000,constant,0.0009643418646698049,,,1.2083509754787337e-07,0.16251789877216094,0.5,0.10909540498640775,0.22990166745555007,
shallow_d256_b2_r2,B,umiNorm_v1_b32_prb8_u34610_1dmrs_stageB_shallow_d256_b2_r2,4,COMPLETE,-1.2322463938928436,12000,0.0649800427199807,0.10803883707073207,0.6014507790142062,0.06395046138398659,11000,16,16,8,25,12000,cosine_decay,0.0006365026066087508,0.75,0.021147713205237145,3.7197425572222765e-06,0.2822556432388877,0.5,0.008310248401180255,0.36424237701172735,
shallow_d256_b2_r2,B,umiNorm_v1_b32_prb8_u34610_1dmrs_stageB_shallow_d256_b2_r2,5,COMPLETE,-1.2263606513873075,12000,0.06572925202393283,0.10803883707073207,0.6083854084888055,0.06466632127800646,11000,16,16,8,25,12000,cosine_decay,0.0004568972058255479,0.75,0.02308016679308127,9.040091747332144e-06,0.05813033561196787,0.5,0.05667887955460827,0.6548860289390384,
deep_d256_b6_r2,A,umiNorm_v1_b32_prb8_u34610_1dmrs_stageA_deep_d256_b6_r2,0,COMPLETE,-1.2317815080026802,4000,0.06502205804766466,0.11423495997829984,0.5691957878745377,0.06502205804766466,4000,32,32,16,100,4000,cosine_decay,0.0011389546245759569,0.75,0.05727073689446709,2.2392225291228357e-07,0.14471917040146945,0.5,0.05381820569592541,0.5140994248971258,
deep_d256_b6_r2,A,umiNorm_v1_b32_prb8_u34610_1dmrs_stageA_deep_d256_b6_r2,1,COMPLETE,-1.180121572112868,4000,0.07193859949863206,0.11423495997829984,0.6297424143388116,0.07193859949863206,4000,32,32,16,100,4000,cosine_decay,0.0004983159357242532,0.75,0.012154545064008537,7.693520676908999e-07,0.12243400701824686,1.0,0.007912361628708613,0.3228873595847961,
deep_d256_b6_r2,A,umiNorm_v1_b32_prb8_u34610_1dmrs_stageA_deep_d256_b6_r2,2,COMPLETE,-1.24266474104019,4000,0.06163718361252298,0.11423495997829984,0.5395649775185427,0.06163718361252298,4000,32,32,16,100,4000,constant,0.0009643418646698049,,,1.2083509754787337e-07,0.16251789877216094,0.5,0.10909540498640775,0.22990166745555007,
deep_d256_b6_r2,A,umiNorm_v1_b32_prb8_u34610_1dmrs_stageA_deep_d256_b6_r2,3,COMPLETE,-1.1631465234361067,4000,0.07407536891211446,0.11423495997829984,0.6484474536182783,0.07407536891211446,4000,32,32,16,100,4000,cosine_decay,0.0002210893178410695,1.0,0.036430683993363126,1.613671536589336e-06,0.3169058880316735,0.5,0.03312588579968341,0.4217057595278402,
deep_d256_b6_r2,A,umiNorm_v1_b32_prb8_u34610_1dmrs_stageA_deep_d256_b6_r2,4,COMPLETE,-1.1341374613243085,4000,0.07755551933466147,0.11423495997829984,0.6789122992592983,0.07755551933466147,4000,32,32,16,100,4000,cosine_decay,0.0002150875602723823,1.25,0.016301500139320635,2.795475110283828e-05,0.09844608545417897,1.0,0.049786317412733185,0.1508561283376549,
deep_d256_b6_r2,A,umiNorm_v1_b32_prb8_u34610_1dmrs_stageA_deep_d256_b6_r2,5,COMPLETE,-1.1957704297958323,4000,0.06992695548494036,0.11423495997829984,0.6121327087454116,0.06992695548494036,4000,32,32,16,100,4000,cosine_decay,0.0004568972058255479,0.75,0.02308016679308127,9.040091747332144e-06,0.05813033561196787,0.5,0.05667887955460827,0.6548860289390384,
deep_d256_b6_r2,A,umiNorm_v1_b32_prb8_u34610_1dmrs_stageA_deep_d256_b6_r2,6,PRUNED,-1.0772963795816848,1000,0.08719334697040419,0.106999559502583,0.8148944479374172,0.08719334697040419,1000,32,32,16,100,4000,polynomial_decay,0.0005282942092946875,0.75,0.024074361764179382,3.5182369647795597e-07,0.0963980983750926,2.0,0.06268681536019342,0.42637817769796615,1.0905445756134515
deep_d256_b6_r2,A,umiNorm_v1_b32_prb8_u34610_1dmrs_stageA_deep_d256_b6_r2,7,PRUNED,-1.208296154591567,4000,0.06795401131967083,0.11423495997829984,0.5948617772753579,0.06795401131967083,4000,32,32,16,100,4000,cosine_decay,0.0006365026066087508,0.75,0.021147713205237145,3.7197425572222765e-06,0.2822556432388877,0.5,0.008310248401180255,0.36424237701172735,
deep_d256_b6_r2,A,umiNorm_v1_b32_prb8_u34610_1dmrs_stageA_deep_d256_b6_r2,8,PRUNED,-1.1227803896830553,1000,0.0799061133293435,0.106999559502583,0.746789180262135,0.0799061133293435,1000,32,32,16,100,4000,constant,0.0005809397231941362,,,1.912227231393291e-07,0.3089601517759952,0.5,0.11304439362235329,0.15372369184136675,
deep_d256_b6_r2,A,umiNorm_v1_b32_prb8_u34610_1dmrs_stageA_deep_d256_b6_r2,9,PRUNED,-1.1275856074285469,1000,0.07917273700392495,0.106999559502583,0.7399351676958418,0.07917273700392495,1000,32,32,16,100,4000,constant,0.0011846756846122385,,,7.935803724335564e-07,0.06211526700128886,0.5,0.09701928945187067,0.3136992083000011,
deep_d256_b6_r2,A,umiNorm_v1_b32_prb8_u34610_1dmrs_stageA_deep_d256_b6_r2,10,PRUNED,-1.0113612004522095,1000,0.0989530833515649,0.106999559502583,0.9247989787208063,0.0989530833515649,1000,32,32,16,100,4000,constant,8.360522188645399e-05,,,1.6996383312246802e-07,0.09125971891914086,0.5,0.0967250083485212,0.4105818544001319,
deep_d256_b6_r2,A,umiNorm_v1_b32_prb8_u34610_1dmrs_stageA_deep_d256_b6_r2,11,PRUNED,-1.1153992993561275,1000,0.08104587501535813,0.106999559502583,0.7574412024883305,0.08104587501535813,1000,32,32,16,100,4000,cosine_decay,0.0009380432821024994,0.75,0.09829310579734883,3.3241262335442514e-07,0.22414686479611623,1.0,0.08899724925726865,0.5208749834536878,
deep_d256_b6_r2,A,umiNorm_v1_b32_prb8_u34610_1dmrs_stageA_deep_d256_b6_r2,12,PRUNED,-1.1376272108267271,1000,0.07766183644222717,0.106999559502583,0.725814543566905,0.07766183644222717,1000,32,32,16,100,4000,cosine_decay,0.001138589067706939,1.25,0.061298479356677205,4.023895604260273e-07,0.1254319387141564,0.5,0.02835158323168456,0.6203564397831597,
deep_d256_b6_r2,A,umiNorm_v1_b32_prb8_u34610_1dmrs_stageA_deep_d256_b6_r2,13,COMPLETE,-1.234896829919285,4000,0.06384867819724604,0.11423495997829984,0.5589241525481761,0.06384867819724604,4000,32,32,16,100,4000,polynomial_decay,0.0009951575462592785,1.0,0.1285119138898518,1.1859701871838162e-07,0.12057887170216385,0.5,0.1079493254225414,0.37019936326045155,1.955717493414353
deep_d256_b6_r2,A,umiNorm_v1_b32_prb8_u34610_1dmrs_stageA_deep_d256_b6_r2,14,PRUNED,-1.051913125589458,1000,0.09154530170296009,0.106999559502583,0.8555670895145149,0.09154530170296009,1000,32,32,16,100,4000,polynomial_decay,0.0003397929973714814,1.0,0.11317622816451264,1.3020365291439366e-06,0.06242235354593715,1.0,0.10094521304389217,0.2414436508853954,1.9307536616921959
deep_d256_b6_r2,A,umiNorm_v1_b32_prb8_u34610_1dmrs_stageA_deep_d256_b6_r2,15,COMPLETE,-1.2438664752575754,4000,0.06241534291378533,0.11423495997829984,0.5463768965791365,0.06241534291378533,4000,32,32,16,100,4000,polynomial_decay,0.0009592546085393783,1.25,0.1311613586599023,1.1466706433076556e-07,0.30075331676229844,0.5,0.08782697630221006,0.3505540117207723,1.9583023083951345
deep_d256_b6_r2,A,umiNorm_v1_b32_prb8_u34610_1dmrs_stageA_deep_d256_b6_r2,16,PRUNED,-1.1050335800014293,1000,0.082674012267186,0.106999559502583,0.772657501129154,0.082674012267186,1000,32,32,16,100,4000,polynomial_decay,0.0003566701665422703,1.25,0.13268850331139626,6.191622561442002e-06,0.1994183868680173,0.5,0.07735559120271406,0.34025748556944974,1.465230812095157
deep_d256_b6_r2,A,umiNorm_v1_b32_prb8_u34610_1dmrs_stageA_deep_d256_b6_r2,17,PRUNED,-1.0735004975218174,1000,0.08783074846724048,0.106999559502583,0.8208514957963002,0.08783074846724048,1000,32,32,16,100,4000,polynomial_decay,0.0003247642930015399,1.25,0.041327343398035635,2.75475627504332e-07,0.4205144536999986,1.0,0.06566487057052955,0.346250285523684,0.7244941429377802
deep_d256_b6_r2,A,umiNorm_v1_b32_prb8_u34610_1dmrs_stageA_deep_d256_b6_r2,18,COMPLETE,-1.2473931992286345,4000,0.06143894327882057,0.11423495997829984,0.5378296039189014,0.06143894327882057,4000,32,32,16,100,4000,constant,0.0009175824708006568,,,4.091012719746439e-07,0.48436560251525473,0.5,0.0454684464868393,0.3460995726258102,
deep_d256_b6_r2,A,umiNorm_v1_b32_prb8_u34610_1dmrs_stageA_deep_d256_b6_r2,19,PRUNED,-1.1313224121710221,1000,0.07860707835061476,0.106999559502583,0.734648616461988,0.07860707835061476,1000,32,32,16,100,4000,constant,0.0003749037676767433,,,1.0833839434518624e-07,0.2855155366830133,0.5,0.01577362413297229,0.4598026167566329,
deep_d256_b6_r2,B,umiNorm_v1_b32_prb8_u34610_1dmrs_stageB_deep_d256_b6_r2,0,COMPLETE,-1.2878968636463208,12000,0.05768005554758323,0.10803883707073207,0.5338826028812269,0.05746828828705475,11000,16,16,8,25,12000,constant,0.0009175824708006568,,,4.091012719746439e-07,0.48436560251525473,0.5,0.0454684464868393,0.3460995726258102,
deep_d256_b6_r2,B,umiNorm_v1_b32_prb8_u34610_1dmrs_stageB_deep_d256_b6_r2,1,COMPLETE,-1.3039781035930218,12000,0.05602896553076183,0.10803883707073207,0.5186002279354429,0.05554902571990775,11000,16,16,8,25,12000,polynomial_decay,0.0009592546085393783,1.25,0.1311613586599023,1.1466706433076556e-07,0.30075331676229844,0.5,0.08782697630221006,0.3505540117207723,1.9583023083951345
deep_d256_b6_r2,B,umiNorm_v1_b32_prb8_u34610_1dmrs_stageB_deep_d256_b6_r2,2,COMPLETE,-1.3091360929449192,12000,0.0552418042110124,0.10803883707073207,0.5113143172287765,0.0552418042110124,12000,16,16,8,25,12000,constant,0.0009643418646698049,,,1.2083509754787337e-07,0.16251789877216094,0.5,0.10909540498640775,0.22990166745555007,
deep_d256_b6_r2,B,umiNorm_v1_b32_prb8_u34610_1dmrs_stageB_deep_d256_b6_r2,3,COMPLETE,-1.2972155666163339,12000,0.05698728986317292,0.10803883707073207,0.5274704116433967,0.056259878600637116,11000,16,16,8,25,12000,polynomial_decay,0.0009951575462592785,1.0,0.1285119138898518,1.1859701871838162e-07,0.12057887170216385,0.5,0.1079493254225414,0.37019936326045155,1.955717493414353
deep_d256_b6_r2,B,umiNorm_v1_b32_prb8_u34610_1dmrs_stageB_deep_d256_b6_r2,4,COMPLETE,-1.2804642939779391,12000,0.059003394397829347,0.10803883707073207,0.5461313357084763,0.05825986770408539,11000,16,16,8,25,12000,cosine_decay,0.0011389546245759569,0.75,0.05727073689446709,2.2392225291228357e-07,0.14471917040146945,0.5,0.05381820569592541,0.5140994248971258,
deep_d256_b6_r2,B,umiNorm_v1_b32_prb8_u34610_1dmrs_stageB_deep_d256_b6_r2,5,COMPLETE,-1.270800102894657,12000,0.06017050183921432,0.10803883707073207,0.5569340014259985,0.05940545359044336,11000,16,16,8,25,12000,cosine_decay,0.0004568972058255479,0.75,0.02308016679308127,9.040091747332144e-06,0.05813033561196787,0.5,0.05667887955460827,0.6548860289390384,
narrow_d192_b4_r2,A,umiNorm_v1_b32_prb8_u34610_1dmrs_stageA_narrow_d192_b4_r2,0,COMPLETE,-1.2021250553824823,4000,0.06787649639106046,0.11423495997829984,0.5941832203027368,0.06787649639106046,4000,32,32,16,100,4000,constant,0.0008722091201558823,,,2.363899423796963e-06,0.36833494384383136,0.5,7.216382532542441e-05,0.6586559871326637,
narrow_d192_b4_r2,A,umiNorm_v1_b32_prb8_u34610_1dmrs_stageA_narrow_d192_b4_r2,1,COMPLETE,-1.1261070421048323,4000,0.07973167051871617,0.11423495997829984,0.6979620821319679,0.07973167051871617,4000,32,32,16,100,4000,cosine_decay,0.0004983159357242532,0.75,0.012154545064008537,7.693520676908999e-07,0.12243400701824686,1.0,0.007912361628708613,0.3228873595847961,
narrow_d192_b4_r2,A,umiNorm_v1_b32_prb8_u34610_1dmrs_stageA_narrow_d192_b4_r2,2,COMPLETE,-1.1882173940063274,4000,0.0695130355306901,0.11423495997829984,0.6085092999892051,0.0695130355306901,4000,32,32,16,100,4000,constant,0.0009643418646698049,,,1.2083509754787337e-07,0.16251789877216094,0.5,0.10909540498640775,0.22990166745555007,
narrow_d192_b4_r2,A,umiNorm_v1_b32_prb8_u34610_1dmrs_stageA_narrow_d192_b4_r2,3,COMPLETE,-1.104693883132863,4000,0.0826986629399471,0.11423495997829984,0.7239348003068115,0.0826986629399471,4000,32,32,16,100,4000,cosine_decay,0.0002210893178410695,1.0,0.036430683993363126,1.613671536589336e-06,0.3169058880316735,0.5,0.03312588579968341,0.4217057595278402,
narrow_d192_b4_r2,A,umiNorm_v1_b32_prb8_u34610_1dmrs_stageA_narrow_d192_b4_r2,4,COMPLETE,-1.0788354855823603,4000,0.08614384381022926,0.11423495997829984,0.7540935264177727,0.08614384381022926,4000,32,32,16,100,4000,cosine_decay,0.0002150875602723823,1.25,0.016301500139320635,2.795475110283828e-05,0.09844608545417897,1.0,0.049786317412733185,0.1508561283376549,
narrow_d192_b4_r2,A,umiNorm_v1_b32_prb8_u34610_1dmrs_stageA_narrow_d192_b4_r2,5,COMPLETE,-1.1492097665429695,4000,0.07634617516305298,0.11423495997829984,0.668325836307517,0.07634617516305298,4000,32,32,16,100,4000,cosine_decay,0.0004568972058255479,0.75,0.02308016679308127,9.040091747332144e-06,0.05813033561196787,0.5,0.05667887955460827,0.6548860289390384,
narrow_d192_b4_r2,A,umiNorm_v1_b32_prb8_u34610_1dmrs_stageA_narrow_d192_b4_r2,6,PRUNED,-1.0401451304166551,1000,0.09363597196837266,0.106999559502583,0.8751061443959707,0.09363597196837266,1000,32,32,16,100,4000,polynomial_decay,0.0005282942092946875,0.75,0.024074361764179382,3.5182369647795597e-07,0.0963980983750926,2.0,0.06268681536019342,0.42637817769796615,1.0905445756134515
narrow_d192_b4_r2,A,umiNorm_v1_b32_prb8_u34610_1dmrs_stageA_narrow_d192_b4_r2,7,PRUNED,-1.1622751002583993,4000,0.07426132541149855,0.11423495997829984,0.6500752959129612,0.07426132541149855,4000,32,32,16,100,4000,cosine_decay,0.0006365026066087508,0.75,0.021147713205237145,3.7197425572222765e-06,0.2822556432388877,0.5,0.008310248401180255,0.36424237701172735,
narrow_d192_b4_r2,A,umiNorm_v1_b32_prb8_u34610_1dmrs_stageA_narrow_d192_b4_r2,8,COMPLETE,-1.1955593839313456,4000,0.06888387763562302,0.11423495997829984,0.6030017224911556,0.06888387763562302,4000,32,32,16,100,4000,constant,0.0006176828477264028,,,1.3641190130700651e-06,0.481254987205617,0.5,0.008345022011493858,0.6449472012129702,
narrow_d192_b4_r2,A,umiNorm_v1_b32_prb8_u34610_1dmrs_stageA_narrow_d192_b4_r2,9,PRUNED,-1.0638124317763975,1000,0.08947876305319369,0.106999559502583,0.8362535646797092,0.08947876305319369,1000,32,32,16,100,4000,constant,0.0006803061850618458,,,1.0784012675934504e-05,0.1355912646752157,2.0,0.014037571065999966,0.5781480158346259,
narrow_d192_b4_r2,A,umiNorm_v1_b32_prb8_u34610_1dmrs_stageA_narrow_d192_b4_r2,10,PRUNED,-1.040387467892022,1000,0.09359244115573044,0.106999559502583,0.8746993126964331,0.09359244115573044,1000,32,32,16,100,4000,polynomial_decay,0.0002589093919324555,0.75,0.13919968380167894,1.815816035765017e-05,0.27589698832314474,0.5,0.007349246911211263,0.6571058599010197,1.9124772388012556
narrow_d192_b4_r2,A,umiNorm_v1_b32_prb8_u34610_1dmrs_stageA_narrow_d192_b4_r2,11,PRUNED,-1.0813512398993192,1000,0.08651756708665441,0.106999559502583,0.808578722088719,0.08651756708665441,1000,32,32,16,100,4000,constant,0.00033328592360184583,,,2.761001784451977e-07,0.3211735270792276,0.5,0.006218828889841831,0.7405080158252801,
narrow_d192_b4_r2,A,umiNorm_v1_b32_prb8_u34610_1dmrs_stageA_narrow_d192_b4_r2,12,PRUNED,-1.104930755523568,1000,0.08269032560444127,0.106999559502583,0.7728099628526518,0.08269032560444127,1000,32,32,16,100,4000,constant,0.0005495573485791046,,,1.1182769856670732e-06,0.43311512067372965,0.5,0.06594659009340048,0.6162634739203692,
narrow_d192_b4_r2,A,umiNorm_v1_b32_prb8_u34610_1dmrs_stageA_narrow_d192_b4_r2,13,COMPLETE,-1.1997752433343538,4000,0.06821866075430687,0.11423495997829984,0.5971784886803981,0.06821866075430687,4000,32,32,16,100,4000,constant,0.0011946389869486255,,,4.808411025745453e-07,0.406742950411635,0.5,0.006702779359930216,0.5957832138397147,
narrow_d192_b4_r2,A,umiNorm_v1_b32_prb8_u34610_1dmrs_stageA_narrow_d192_b4_r2,14,PRUNED,-1.1150754943647487,1000,0.0810962463923109,0.106999559502583,0.7579119649586334,0.0810962463923109,1000,32,32,16,100,4000,constant,0.0006609952443838401,,,7.100041584334765e-07,0.3774768855897987,0.5,0.011058234296465444,0.3575310031976803,
narrow_d192_b4_r2,A,umiNorm_v1_b32_prb8_u34610_1dmrs_stageA_narrow_d192_b4_r2,15,PRUNED,-1.1225881949089649,1000,0.079935587127693,0.106999559502583,0.7470646374554779,0.079935587127693,1000,32,32,16,100,4000,constant,0.0011189611701912933,,,2.828893321116743e-06,0.15237027839604697,0.5,0.02539012330513355,0.5798270373531712,
narrow_d192_b4_r2,A,umiNorm_v1_b32_prb8_u34610_1dmrs_stageA_narrow_d192_b4_r2,16,PRUNED,-1.0685363122790912,1000,0.08867136718860517,0.106999559502583,0.8287077778714091,0.08867136718860517,1000,32,32,16,100,4000,polynomial_decay,0.0009563216703554938,1.25,0.07769488643216735,1.4856143270000974e-07,0.2735460640384464,2.0,0.02661112705823088,0.6875772653889657,0.7640387386190339
narrow_d192_b4_r2,A,umiNorm_v1_b32_prb8_u34610_1dmrs_stageA_narrow_d192_b4_r2,17,PRUNED,-1.0742504514861233,1000,0.08770444851446275,0.106999559502583,0.819671117546475,0.08770444851446275,1000,32,32,16,100,4000,constant,0.0005678525329950889,,,1.028294169077657e-07,0.29712266908243706,1.0,0.011103080388782324,0.5536575441467184,
narrow_d192_b4_r2,A,umiNorm_v1_b32_prb8_u34610_1dmrs_stageA_narrow_d192_b4_r2,18,COMPLETE,-1.211141350357238,4000,0.06727832330701251,0.11423495997829984,0.5889468803577534,0.06727832330701251,4000,32,32,16,100,4000,cosine_decay,0.0011491657621620945,1.0,0.12314726850796402,2.7524556084291565e-07,0.33237260946602054,0.5,0.008215714857985945,0.6176862463506574,
narrow_d192_b4_r2,A,umiNorm_v1_b32_prb8_u34610_1dmrs_stageA_narrow_d192_b4_r2,19,PRUNED,-1.0843250328434038,1000,0.08602528846434628,0.106999559502583,0.8039779683604175,0.08602528846434628,1000,32,32,16,100,4000,cosine_decay,0.0009545118797493763,1.0,0.13307791732468405,9.741093918148283e-07,0.3230978162416107,1.0,0.03619099447095018,0.677268484589155,
narrow_d192_b4_r2,B,umiNorm_v1_b32_prb8_u34610_1dmrs_stageB_narrow_d192_b4_r2,0,COMPLETE,-1.2536459152209611,12000,0.06194156815763563,0.10803883707073207,0.573326868717432,0.061274057060169675,11000,16,16,8,25,12000,cosine_decay,0.0011491657621620945,1.0,0.12314726850796402,2.7524556084291565e-07,0.33237260946602054,0.5,0.008215714857985945,0.6176862463506574,
narrow_d192_b4_r2,B,umiNorm_v1_b32_prb8_u34610_1dmrs_stageB_narrow_d192_b4_r2,1,COMPLETE,-1.2408678038102818,12000,0.06349192985605139,0.10803883707073207,0.5876769093181166,0.06292888571624644,11000,16,16,8,25,12000,constant,0.0008722091201558823,,,2.363899423796963e-06,0.36833494384383136,0.5,7.216382532542441e-05,0.6586559871326637,
narrow_d192_b4_r2,B,umiNorm_v1_b32_prb8_u34610_1dmrs_stageB_narrow_d192_b4_r2,2,COMPLETE,-1.2396570004172276,12000,0.06358346517663449,0.10803883707073207,0.5885241539114954,0.06310401860779773,11000,16,16,8,25,12000,constant,0.0011946389869486255,,,4.808411025745453e-07,0.406742950411635,0.5,0.006702779359930216,0.5957832138397147,
narrow_d192_b4_r2,B,umiNorm_v1_b32_prb8_u34610_1dmrs_stageB_narrow_d192_b4_r2,3,COMPLETE,-1.2446026730475077,12000,0.06282692771249761,0.10803883707073207,0.5815216954933102,0.06264770090153131,11000,16,16,8,25,12000,constant,0.0006176828477264028,,,1.3641190130700651e-06,0.481254987205617,0.5,0.008345022011493858,0.6449472012129702,
narrow_d192_b4_r2,B,umiNorm_v1_b32_prb8_u34610_1dmrs_stageB_narrow_d192_b4_r2,4,COMPLETE,-1.2408818994950233,12000,0.06302702669442321,0.10803883707073207,0.5833737978238324,0.06302702669442321,12000,16,16,8,25,12000,constant,0.0009643418646698049,,,1.2083509754787337e-07,0.16251789877216094,0.5,0.10909540498640775,0.22990166745555007,
narrow_d192_b4_r2,B,umiNorm_v1_b32_prb8_u34610_1dmrs_stageB_narrow_d192_b4_r2,5,COMPLETE,-1.2149779702967136,12000,0.06704239441508737,0.10803883707073207,0.6205397635962641,0.0661677377356682,11000,16,16,8,25,12000,cosine_decay,0.0004568972058255479,0.75,0.02308016679308127,9.040091747332144e-06,0.05813033561196787,0.5,0.05667887955460827,0.6548860289390384,
